{
  "15_minute": {
    "F1": 0.24762726488352027,
    "Precision": 0.23089300080450523,
    "Recall": 0.2669767441860465,
    "Accuracy": 0.6895139754317251,
    "ROC_AUC": 0.5745642222973181,
    "MAE": 0.19825580716133118,
    "R2": -0.0011299848556518555,
    "DirAcc": 0.5002670464660851,
    "Threshold": 0.445,
    "CM": [
      [
        3586,
        956
      ],
      [
        788,
        287
      ]
    ]
  },
  "1_hour": {
    "F1": 0.40754877014419,
    "Precision": 0.2951474201474201,
    "Recall": 0.6582191780821918,
    "Accuracy": 0.502581449172156,
    "ROC_AUC": 0.5720654383924129,
    "MAE": 0.41113847494125366,
    "R2": -0.0011593103408813477,
    "DirAcc": 0.49688445789567387,
    "Threshold": 0.405,
    "CM": [
      [
        1862,
        2295
      ],
      [
        499,
        961
      ]
    ]
  },
  "direction": {
    "Acc": 0.5125581395348837,
    "F1": 0.6473755047106325
  },
  "confidence": {
    "MAE": 0.45189592242240906
  }
}