{
  "15_minute": {
    "F1": 0.31791221826809013,
    "Precision": 0.25015556938394523,
    "Recall": 0.4360086767895879,
    "Accuracy": 0.6676940859179349,
    "ROC_AUC": 0.6588933282317306,
    "MAE": 0.19011351466178894,
    "R2": 0.017527453921722058,
    "DirAcc": 0.5372760547100751,
    "Threshold": 0.39,
    "CM": [
      [
        3064,
        1205
      ],
      [
        520,
        402
      ]
    ]
  },
  "1_hour": {
    "F1": 0.4210989010989011,
    "Precision": 0.28699820251647695,
    "Recall": 0.7904290429042904,
    "Accuracy": 0.4925833172799075,
    "ROC_AUC": 0.6323528557932446,
    "MAE": 0.3894287645816803,
    "R2": 0.014497116189271853,
    "DirAcc": 0.5268734347909844,
    "Threshold": 0.4,
    "CM": [
      [
        1599,
        2380
      ],
      [
        254,
        958
      ]
    ]
  },
  "direction": {
    "Acc": 0.5422847235600077,
    "F1": 0.5427251732101617
  },
  "confidence": {
    "MAE": 0.05001526698470116
  }
}