{
  "15_minute": {
    "F1": 0.47689722766732007,
    "Precision": 0.3725661780791949,
    "Recall": 0.662388175807079,
    "Accuracy": 0.7293930175286107,
    "ROC_AUC": 0.7803907608692829,
    "MAE": 0.19160929322242737,
    "R2": 0.0050844550132751465,
    "DirAcc": 0.5451253078371723,
    "Threshold": 0.42000000000000004,
    "CM": [
      [
        8367,
        2868
      ],
      [
        868,
        1703
      ]
    ]
  },
  "1_hour": {
    "F1": 0.4716869838773103,
    "Precision": 0.3470775462962963,
    "Recall": 0.7358895705521472,
    "Accuracy": 0.6107489497320006,
    "ROC_AUC": 0.7140218022359538,
    "MAE": 0.3814927339553833,
    "R2": 0.0009194016456604004,
    "DirAcc": 0.5160075329566854,
    "Threshold": 0.375,
    "CM": [
      [
        6033,
        4513
      ],
      [
        861,
        2399
      ]
    ]
  },
  "direction": {
    "Acc": 0.5065189048239895,
    "F1": 0.3383509760124308
  },
  "threshold_15m": 0.2,
  "threshold_1h": 0.2
}
