{
  "15_minute": {
    "F1": 0.5022672932640778,
    "Precision": 0.3603454394889388,
    "Recall": 0.8286180631120783,
    "Accuracy": 0.4639019625255306,
    "ROC_AUC": 0.6042841628751552,
    "DirAcc": 0.496936328922831,
    "Threshold": 0.43,
    "CM": [
      [
        2178,
        5407
      ],
      [
        630,
        3046
      ]
    ]
  },
  "1_hour": {
    "F1": 0.49604588511340925,
    "Precision": 0.36547573312844156,
    "Recall": 0.7717685235262304,
    "Accuracy": 0.4850368528549862,
    "ROC_AUC": 0.6037744278509412,
    "DirAcc": 0.4937394547553503,
    "Threshold": 0.42,
    "CM": [
      [
        2608,
        4955
      ],
      [
        844,
        2854
      ]
    ]
  },
  "direction": {
    "Acc": 0.5430944963655244,
    "F1": 0.5185995623632386
  },
  "features": {
    "pca_dims": 50,
    "total": 83
  },
  "model": "XGBoost"
}